{"loss": 1.9961667992174625, "val_loss": 2.0294750817120075, "_timestamp": 1694165889.1702988, "_runtime": 10.656076908111572, "_step": 19, "_wandb": {"runtime": 15}}